Model,RMSE,MAE,R²,MAPE (%),Training Time (s)
Linear Regression,5.8565201440411725,4.1186360473390495,0.7919195361937532,20.135672090196106,0.09521937370300293
Ridge Regression,5.855682137300797,4.1178977884485795,0.7919790802067364,20.121593038242047,0.02974247932434082
Random Forest,5.625669921459789,3.9163586956521734,0.8080003140861187,18.590856137066236,13.910680294036865
Gradient Boosting,5.473418363027302,3.8206296339916666,0.818252136557279,18.013499111307414,6.284264802932739
